team_game_key,game_id,team_id,season_id,team_name,goals,assists,points,shots,sog,giveaways,takeaways,blocks,hits,toi_seconds,corsi_for,corsi_against,fenwick_for,fenwick_against,plus_total,minus_total,xg_for,gar_total,war,shot_assists,goal_creating_actions,shooting_pct,cf_pct,plus_minus_total,avg_game_score,avg_adjusted_rating
N10008_18969,18969,N10008,N20252026F,Platinum,4,3,7,71,40,65,16,9,0,16062,350,213,270,169,20,14,4.5,22.98,5.1,21,44,10.0,62.2,6,3.84,3.3
N10010_18969,18969,N10010,N20252026F,Velodrome,3,3,6,43,25,68,17,19,0,16192,215,350,170,270,15,20,2.76,14.76,3.28,7,20,12.0,38.1,-5,3.25,2.8
N10003_18977,18977,N10003,N20252026F,HollowBrook,2,0,2,65,38,81,13,0,0,16192,335,295,250,220,10,15,4.02,10.86,2.3900000000000006,5,0,5.3,53.2,-5,2.27,2.0
N10010_18977,18977,N10010,N20252026F,Velodrome,3,0,3,57,27,78,11,0,0,15977,293,329,218,245,15,10,3.54,11.049999999999999,2.46,7,0,11.1,47.1,5,2.22,2.0
N10004_18981,18981,N10004,N20252026F,Nelson,2,0,2,60,34,75,15,0,0,15990,295,184,220,131,10,5,3.7199999999999998,13.21,2.9500000000000006,11,0,5.9,61.6,5,2.45,2.1
N10010_18981,18981,N10010,N20252026F,Velodrome,1,0,1,36,14,74,14,0,0,15651,189,273,135,204,5,9,2.22,7.4,1.6300000000000003,5,1,7.1,40.9,-4,1.99,1.8
N10007_18987,18987,N10007,N20252026F,Outlaws,0,0,0,61,36,75,21,14,0,16057,294,240,224,162,0,5,3.6600000000000006,16.18,3.59,18,0,0.0,55.1,-5,3.16,2.7
N10010_18987,18987,N10010,N20252026F,Velodrome,1,0,1,43,16,82,24,9,0,15750,241,286,163,220,5,0,2.64,11.68,2.6,7,0,6.2,45.7,5,2.7,2.3
